{"cameraMode":{"drawMode":0,"name":"Shaded","section":"Shading Mode"},"sceneLighting":false,"audioPlay":false,"sceneViewState":{"showFog":true,"showMaterialUpdate":false,"showSkybox":false,"showFlares":true,"showImageEffects":true,"showParticleSystems":true},"in2DMode":false,"pivot":{"x":0.46872496604919436,"y":-0.1017322838306427,"z":-0.22161483764648438},"rotation":{"x":-0.047259725630283359,"y":0.9446930885314941,"z":-0.15730732679367066,"w":-0.28388386964797976},"size":2.1421337127685549,"orthographic":true}