{"cameraMode":{"drawMode":0,"name":"Shaded","section":"Shading Mode"},"sceneLighting":true,"audioPlay":false,"sceneViewState":{"showFog":true,"showMaterialUpdate":false,"showSkybox":true,"showFlares":true,"showImageEffects":true,"showParticleSystems":true},"in2DMode":false,"pivot":{"x":-1.0047767162322999,"y":0.09553983807563782,"z":0.5942857265472412},"rotation":{"x":0.04799538105726242,"y":-0.8616442680358887,"z":0.08297131955623627,"w":0.49838924407958987},"size":4.2162957191467289,"orthographic":true}